Efficiency,Clustering,Modularity,Assortativity,Vagal_SD1,Sympathetic_SD2,Vagal_SD1_zscore,Sympathetic_SD2_zscore,Efficiency_zscore,Clustering_zscore,Modularity_zscore,Assortativity_zscore
0.4123093681917208,0.5625,-0.25,0.43500000000000005,0.1742141761046327,0.18502774851721066,-0.32559977483932095,0.01677067691308383,1.4897877317116637,-0.5738523437307431,-0.9841909444704297,3.0307426091134584
0.40577342047930254,0.5567010309278351,0.039865244244806364,0.4227777777777778,0.23846242132222994,0.21890216655472022,0.19486243482174118,0.3079618440993928,1.3642677988334546,-0.6475492124202739,0.5659072393859308,2.9262376090547106
0.3924836601307188,0.5588235294117647,-0.04308390022675736,0.44277777777777777,0.2323383477258736,0.24551870842694112,0.14525253706824445,0.5367628787224243,1.109043935314431,-0.620575195122145,0.12232415810690096,3.097245790969025
0.36732026143790825,0.5196850393700787,0.0315586605637196,0.17111111111111119,0.18363276921514468,0.21925569136148065,-0.2493016321337379,0.31100081294590975,0.6257921937333227,-1.11797121938337,0.5214865282667013,0.7743846532995831
0.404139433551198,0.6083916083916084,-0.03956918754390073,0.11333333333333331,0.13698912996481005,0.08640250973909244,-0.6271524429791284,-0.8310312945341592,1.3328878156139035,0.009366465595499097,0.14111961514993895,0.2803610166582284
0.3747276688453158,0.5704225352112676,-0.19310649580203273,0.0,0.14135468803391746,0.13192502501489892,-0.5917879284876261,-0.4397107900242248,0.7680481176619626,-0.47316788932391896,-0.6799443358083308,-0.6886853475228886
0.46710239651416097,0.4368932038834951,-0.017308371600141308,0.0,0.14853676639645016,0.19559130129891122,-0.5336073453158563,0.10757705654539107,2.542063169007321,-2.1701408296175746,0.2601626913748336,-0.6886853475228886
0.49237472766884566,0.4148936170212766,-0.09982332155477036,0.3961111111111111,0.18177589281718526,0.19474929440553884,-0.2643438171751549,0.100338999502211,3.027406909469743,-2.4497251219344784,-0.1810984691306509,2.6982266998356237
0.44226579520697124,0.43548387096774194,-0.15384615384615385,0.06166666666666672,0.18343244243453774,0.15124610475367764,-0.25092443939541265,-0.27362298434724347,2.065087424070122,-2.1880514998659537,-0.46999372609677026,-0.16141011995375087
0.3976034858387798,0.5267175572519084,-0.009066978648727705,0.0,0.14139303071842751,0.1324075549148406,-0.5914773220541452,-0.4355628679961408,1.2073678827356955,-1.0285976530745413,0.3042347852187016,-0.6886853475228886
0.36383442265795196,0.5454545454545454,0.01729559748427676,0.0,0.14378311150467118,0.07817337941040796,-0.5721157546982772,-0.9017705191220028,0.5588482295316137,-0.790476472909062,0.44521264371295066,-0.6886853475228886
0.30610021786492375,0.6206896551724138,-0.22239502332814934,0.0,0.14295454111001374,0.08758918337173051,-0.578827838071179,-0.8208304143367647,-0.5499111775592348,0.1656576144986886,-0.8365691614039018,-0.6886853475228886
0.3758169934640521,0.5373134328358209,-0.18755890669180011,0.10611111111111118,0.1456727384621509,0.0802373113696785,-0.5568082639116553,-0.8840285536202599,0.7889681064749967,-0.8939387435613927,-0.65027776496105,0.21860806207805994
0.4019607843137251,0.5307692307692308,-0.1479591836734694,0.2394444444444444,0.14282646394737544,0.0864843952839129,-0.5798653655997221,-0.8303273902679501,1.291047837987831,-0.9771064918934588,-0.43851226374736263,1.358662608173491
0.4035947712418297,0.5319148936170213,-0.2641383898868929,0.05777777777777785,0.1408788149804386,0.0786493835242054,-0.5956428811029532,-0.8976786940365156,1.3224278212073832,-0.9625467031783641,-1.0597981202925049,-0.1946617108815341
0.30827886710239655,0.5961538461538461,-0.35658914728682173,0.0,0.16705876322747557,0.14743484513011368,-0.38356434623686625,-0.30638532249300116,-0.5080711999331644,-0.14615855022483273,-1.5541925121249514,-0.6886853475228886
0.406535947712418,0.45652173913043476,-0.2728310502283106,0.0,0.1547892534453789,0.14797563582638162,-0.4829571958161885,-0.3017365791883815,1.3789117910025794,-1.9206893207959401,-1.1062834346778745,-0.6886853475228886
0.3376906318082789,0.5923566878980892,-0.32864474434518165,0.0,0.16136902667040748,0.16212057961561624,-0.42965576633482555,-0.1801438572939103,0.05676849801877853,-0.19441517478782916,-1.4047555958032294,-0.6886853475228886
0.39302832244008684,0.5433070866141733,-0.05980143154006007,0.16444444444444453,0.1603975887431272,0.1563685520084122,-0.43752519107115084,-0.22958941915640288,1.119503929720946,-0.81776770178192,0.03292463387340301,0.7173819259948115
0.3864923747276685,0.576,0.12091038406827886,0.2511111111111111,0.16630373866171932,0.16875319845438608,-0.3896806495306136,-0.12312855982002688,0.9939839968427358,-0.4022860334215156,0.9993083681692428,1.4584173809568417
0.4571895424836599,0.45,-0.14832535885167467,0.35888888888888887,0.2308633407019792,0.20448503416090474,0.13330379959966984,0.18402933536710936,2.351691270808704,-2.003571596307644,-0.4404704408312971,2.3799614723839824
0.4444444444444441,0.4857142857142857,0.19806763285024154,0.26833333333333337,0.43153107050699274,0.2558197836860448,1.7588730226697618,0.6253129498897263,2.106927401696193,-1.5496924685054534,1.411918412260159,1.6056744264941685
0.275599128540305,0.6687898089171974,-0.22812221892613463,0.0,0.4354333793573422,0.25413849204965344,1.7904848477111177,0.6108602359437844,-1.135670864324213,0.7769439777060311,-0.8671962050777872,-0.6886853475228886
0.28104575163398693,0.6214285714285714,-0.037122969837587026,0.06444444444444448,0.3543938603266287,0.2235790069062751,1.1339998806626708,0.3481648846123042,-1.031070920259038,0.17504821714287178,0.1542011338872171,-0.1376589835767628
0.33006535947712407,0.5954198473282443,-0.053247513165593924,0.0,0.17442286555682063,0.16130221854241203,-0.3239092232444746,-0.18717865021115843,-0.08967142367246896,-0.1554866591344491,0.06797270248842747,-0.6886853475228886
0.4475568004979769,0.5042016806722689,0.15299811777359504,0.11944444444444445,0.18237711679061183,0.190758632375657,-0.25947342177912486,0.06603448294813664,2.16669879830487,-1.3147432729372606,1.1709023716872011,0.3326135166876026
0.3653594771241828,0.5431034482758621,0.2612064194798008,0.17944444444444452,0.18689848980117105,0.18681674838940848,-0.2228466815497589,0.03214927206133401,0.5881362138698611,-0.8203556631405533,1.7495626122067955,0.8456380624305475
0.3297385620915033,0.6428571428571429,0.5219482862297055,0.28277777777777785,0.1655356111965602,0.14762214387848882,-0.39590309679690194,-0.30477526557360257,-0.09594742031637621,0.4473756938241867,3.1439191352089018,1.7291803356545072
0.4050731403672577,0.5161290322580645,0.46745562130177504,0.48055555555555557,0.14027462862380663,0.0845698680790994,-0.6005372741739973,-0.8467850430831886,1.3508192345965035,-1.163163146764233,2.8525113772407207,3.420261245696064
0.33877995642701514,0.5267175572519084,-0.10171539019086741,0.06444444444444448,0.1426180094499116,0.07758200760932044,-0.5815540138732489,-0.9068540675628665,0.07768848683181052,-1.0285976530745413,-0.1912165919990436,-0.1376589835767628
0.34095860566448793,0.528,0.05701078582434513,0.06444444444444448,0.13705392786887616,0.08449588188888599,-0.6266275280928552,-0.8474210429418446,0.11952846445788093,-1.0122995811876592,0.6575956131781018,-0.1376589835767628
0.3886710239651414,0.5526315789473685,0.1820987654320988,0.2511111111111111,0.16676908706627153,0.09641313168243218,-0.3859109549953743,-0.744978017258247,1.0358239744688083,-0.6992663132550321,1.3265224813074967,1.4584173809568417
0.33986928104575154,0.5779816513761468,0.3130910900945745,0.12444444444444451,0.16984889776295004,0.18733591063356964,-0.360962023314793,0.036612092933088945,0.09860847564484573,-0.3771019878715369,2.0270237265928372,0.3753655621661818
0.3559912854030501,0.5882352941176471,0.4301994301994302,0.17944444444444452,0.22634751475534387,0.2561103034054058,0.09672199502787991,0.627810314599511,0.40822431007776394,-0.24679238399092898,2.6532782669876793,0.8456380624305475
0.3033769063180827,0.6081081081081081,-0.15925058548009366,0.0,0.2882393638554217,0.2395809562616451,0.5980955101104791,0.48572079199015883,-0.6022111495918244,0.005763569476108641,-0.49889474071261986,-0.6886853475228886
0.33769063180827874,0.5693430656934306,-0.11276913238115541,0.05777777777777785,0.26010998151209713,0.2516535767440702,0.37022499876462717,0.5894994147072194,0.05676849801877533,-0.48688645245477635,-0.25032814826244637,-0.1946617108815341
0.3420479302832243,0.5478260869565217,0.1283497884344147,0.17333333333333342,0.17905219509437809,0.21052857344083012,-0.28640794873952574,0.2359807889657837,0.14044845327091507,-0.7603374636320788,1.0390917068960515,0.7933855624011736
0.45315904139433527,0.4722222222222222,0.02335456475583865,0.33777777777777773,0.16127809413602007,0.12441777739893277,-0.43039239264449464,-0.5042445686777558,2.2742873122004745,-1.7211579167862812,0.477613886532394,2.199452835918872
0.4156862745098037,0.5089285714285714,0.11358403683806598,0.30000000000000004,0.19775838836437162,0.22698684103008857,-0.1348728110766356,0.3774592977293577,1.5546396970320742,-1.2546710354340298,0.9601296195564465,1.8764373811918338
0.380392156862745,0.5739130434782609,0.1292035398230088,0.28,0.20809169743412548,0.1825113462748962,-0.05116473697530974,-0.004860812231272869,0.8768320594897452,-0.42880836158526026,1.043657271423708,1.7054291992775188
0.3093681917211329,0.7453416149068323,-0.20278539776324134,0.0,0.2017699816835248,0.1940921122214561,-0.10237569436820664,0.09468973205132214,-0.4871512111201303,1.7498114518652548,-0.731703726248125,-0.6886853475228886
0.3093681917211329,0.6346153846153846,-0.2695749440715884,0.0,0.20106329790015634,0.2068641420352351,-0.10810039863332566,0.20448061509156912,-0.4871512111201303,0.3426343566390647,-1.088870915101309,-0.6886853475228886
0.31045751633986934,0.6455696202531646,-0.33241215949467035,0.0,0.23033641129637009,0.2184374833225904,0.12903524966729607,0.30396733554175615,-0.466231222307094,0.48184752631549166,-1.4249024174626186,-0.6886853475228886
0.2777777777777778,0.6513157894736842,-0.2314618644067797,0.0,0.26568417731419197,0.2396193318223529,0.4153804462700959,0.4860506758659957,-1.0938308866981425,0.5548733819878625,-0.8850554638094066,-0.6886853475228886
0.2777777777777778,0.6891891891891891,0.02744912446758162,0.06444444444444448,0.2317232804681858,0.22118943012132344,0.14026999998972686,0.3276236120708575,-1.0938308866981425,1.0361918596216222,0.4995101631605221,-0.1376589835767628
0.26742919389978215,0.75,0.08583690987124468,0.0,0.17302282054723742,0.21247464712277492,-0.3352507083985787,0.2527096215098166,-1.2925707804219744,1.8090130772307584,0.8117476663127637,-0.6886853475228886
0.33387799564270143,0.6164383561643836,-0.10534509600415151,0.0,0.1729586399242124,0.2169365380564919,-0.335770622814356,0.2910649145043226,-0.01645146282684628,0.11162948969653838,-0.21062699217917963,-0.6886853475228886
0.30610021786492375,0.6274509803921569,-0.1862990810359232,0.0,0.2556020010043039,0.2328547576439503,0.333706748526838,0.42790106431115654,-0.5499111775592348,0.25158469751735857,-0.6435406569430181,-0.6886853475228886
0.21895424836601307,0.8181818181818182,0.2624113475177306,0.06444444444444448,0.31344828070931846,0.19673774860616428,0.8023079134921596,0.11743214332937528,-2.2235102826020285,2.6755095939440325,1.7560061469194124,-0.1376589835767628
0.2979302832244009,0.7267080745341615,-0.07789594711123891,0.06166666666666672,0.3430186685908705,0.1952003251956303,1.0418517230583693,0.10421614897997512,-0.7068110936569962,1.5130049504032432,-0.06383852170159489,-0.16141011995375087
0.2984749455337691,0.7639751552795031,0.0813201769309289,0.06166666666666672,0.2881663097043287,0.24545021915833112,0.5975037130151032,0.5361741314841928,-0.6963510992504791,1.9866179533272679,0.7875937545666745,-0.16141011995375087
0.2745098039215686,0.7222222222222222,-0.16755793226381469,0.0,0.28674263827219454,0.24330849507689656,0.5859708349280776,0.5177634495833737,-1.1565908531372482,1.4559959778290543,-0.5433195326384689,-0.6886853475228886
0.2701525054466231,0.7090909090909091,-0.24497991967871494,0.0,0.29891443583784466,0.22111060891129006,0.6845721373466888,0.32694604942983313,-1.240270808389387,1.2891151672027945,-0.9573453065633715,-0.6886853475228886
0.2701525054466231,0.7453416149068323,-0.04247104247104247,0.0,0.2577375245169262,0.2546760497150201,0.3510061982222849,0.615481187478206,-1.240270808389387,1.7498114518652548,0.12560150754067306,-0.6886853475228886
0.21895424836601307,0.8363636363636363,0.31914893617021284,0.06444444444444448,0.22486824187580254,0.23735351406113406,0.08473870071423395,0.46657326026020746,-2.2235102826020285,2.906575331734237,2.0594189736476993,-0.1376589835767628
0.24836601307189543,0.7228915662650602,-0.2416387959866222,0.06444444444444448,0.25954049911362015,0.2199646838325611,0.3656117355312022,0.31709545182506665,-1.6586705846500855,1.464502413959216,-0.9394781428727207,-0.1376589835767628
0.2973856209150327,0.7070063694267515,-0.06793236428359538,0.06166666666666672,0.2503595474649369,0.2259399959757023,0.29123867887134025,0.368460411522297,-0.7172710880635144,1.2626235539529613,-0.010556757321492288,-0.16141011995375087
0.3082788671023965,0.6214285714285714,0.018561484918793465,0.11777777777777776,0.17551052559784783,0.20653417948130437,-0.31509830636424185,0.20164419200968856,-0.5080711999331655,0.17504821714287178,0.4519821680080183,0.3183628348614095
0.30827886710239644,0.6575342465753424,-0.04752667313288075,0.06444444444444448,0.15750054979985262,0.14713861907602696,-0.46099352526120063,-0.3089317399796423,-0.5080711999331666,0.63390136278399,0.09856575881687807,-0.1376589835767628
0.2990196078431372,0.7248322147651006,0.20303605313092982,0.12277777777777779,0.18806306754138066,0.18760012277295046,-0.21341266974229603,0.03888331250550793,-0.6858911048439631,1.489165369719147,1.4384877902957873,0.36111488033998845
0.2777777777777778,0.6792452830188679,-0.3015184381778742,0.0,0.18382688613519543,0.1827090831297921,-0.24772912971285402,-0.0031610272930010738,-1.0938308866981425,0.9098185787547196,-1.2596935755730194,-0.6886853475228886
0.27342047930283225,0.7215189873417721,-0.1494688922610015,0.0,0.15848352102033933,0.2211755368395105,-0.4530306716188163,0.3275041826848624,-1.1775108419502824,1.4470588360720489,-0.44658565849250637,-0.6886853475228886
0.275599128540305,0.6666666666666666,-0.31944444444444453,0.0,0.21240808824906537,0.24944685039182338,-0.016198516595347958,0.5705299604878142,-1.135670864324213,0.7499617790256461,-1.3555556021847397,-0.6886853475228886
0.2777777777777778,0.6708074534161491,-0.3090176773327367,0.0,0.22130364337729608,0.2508910381590392,0.05586259982145757,0.5829444828895304,-1.0938308866981425,0.8025854460172055,-1.2997968898718504,-0.6886853475228886
0.275599128540305,0.6580645161290323,-0.2654232424677188,0.0,0.14330628284933458,0.08595274280907345,-0.5759784484535027,-0.8348975796218916,-1.135670864324213,0.6406403546947965,-1.066669063572546,-0.6886853475228886
0.3050108932461874,0.6038961038961039,-0.2626774847870183,0.0,0.14688157717337916,0.08301628642397864,-0.5470157028130781,-0.8601399368845497,-0.5708311663722689,-0.04776517286911251,-1.0519857095704053,-0.6886853475228886
0.27450980392156865,0.7317073170731707,-0.202365308804205,0.0,0.141358033327195,0.07721486523810353,-0.591760828934552,-0.9100100956746947,-1.156590853137247,1.576538402015002,-0.7294572370763829,-0.6886853475228886
0.30337690631808284,0.6845637583892618,-0.06171395144779177,0.0,0.1337552705956269,0.08282789301824522,-0.6533492922054044,-0.8617594036941336,-0.6022111495918212,0.9774090377005701,0.022697144740348157,-0.6886853475228886
0.30718954248366015,0.6,-0.1703703703703704,0.0,0.23779071212541683,0.200831580706119,0.18942105270089132,0.15262353011956553,-0.5289911887461997,-0.09727925953844313,-0.5583594702913548,-0.6886853475228886
0.3050108932461874,0.6357615894039735,-0.16291677961507176,0.0,0.23608795920523243,0.20186208188580004,0.1756273911877319,0.16148192116161722,-0.5708311663722689,0.35720103267143327,-0.5185002677053449,-0.6886853475228886
0.3071895424836601,0.5918367346938775,-0.14914425427872863,0.0,0.16823050611997453,0.15017246183968688,-0.3740722909609718,-0.28285223023185446,-0.5289911887462008,-0.20102306017894372,-0.4448496078388897,-0.6886853475228886
0.31045751633986934,0.6481481481481481,-0.3617245005257623,0.0,0.13581123936228875,0.07837659854082416,-0.6366942996267451,-0.9000236074639205,-0.466231222307094,0.5146170460911772,-1.5816545893735774,-0.6886853475228886
0.34204793028322433,0.5510204081632653,-0.2951601908657124,0.0,0.1453993670967946,0.08763603112982869,-0.5590227907736656,-0.8204277017840187,0.14044845327091612,-0.7197420633814481,-1.2256918875239071,-0.6886853475228886
0.33769063180827874,0.58,-0.2179487179487179,0.0,0.15234647542477514,0.08392028366486505,-0.5027456529485037,-0.8523689986084904,0.05676849801877533,-0.35145157110767017,-0.8127918716792095,-0.6886853475228886
0.3093681917211329,0.5838926174496645,-0.2780407491253345,0.0,0.1506351375729808,0.09295915419530475,-0.516608859278963,-0.774669087811789,-0.4871512111201303,-0.3019817923458733,-1.13414308656458,-0.6886853475228886
0.33551198257080606,0.6,0.0319634703196347,0.0,0.15151959615025962,0.13715983068134593,-0.5094440368947071,-0.39471136980338734,0.014928520392707057,-0.09727925953844313,0.5236513095915067,-0.6886853475228886
0.44444444444444436,0.5684210526315789,0.43266475644699137,0.4294444444444445,0.15530857885448124,0.2505437788697494,-0.47875024434165214,0.579959373664846,2.1069274016961983,-0.4986039620161696,2.6664619715360263,2.9832403363594824
0.40806100217864905,0.6388888888888888,0.3764172335600907,0.31833333333333336,0.22465460541367555,0.32686463395492665,0.08300807437936354,1.2360284712446492,1.40819977534083,0.39694467962394203,2.3656698455239544,2.0331948812799556
0.30718954248366015,0.6492537313432836,0.03450051493305872,0.06444444444444448,0.2978246871413337,0.32119820064612337,0.6757443006853069,1.1873186948243806,-0.5289911887461997,0.5286674779081604,0.5372185389358768,-0.1376589835767628
0.2777777777777778,0.6727272727272727,-0.41754385964912294,0.0,0.33201819718513237,0.0,0.9527391000481512,-1.5737642805560346,-1.0938308866981425,0.8269836916223821,-1.880157044976954,-0.6886853475228886
0.27559912854030505,0.7090909090909091,-0.3051643192488265,0.0,0.3194571915216333,0.28025816504919365,0.8509849005202358,0.8353900879057817,-1.135670864324212,1.2891151672027945,-1.2791904753871497,-0.6886853475228886
0.2995642701525055,0.636986301369863,0.00559105431309899,0.0,0.4039278600064192,0.4831981658744004,1.5352649243907908,2.579902293064452,-0.675431110437444,0.3727654262402642,0.3826208308870289,-0.6886853475228886
0.33464052287581697,0.5725190839694656,0.13469171738555175,0.06444444444444448,0.49716620438769943,0.5525919682810144,2.2905701405483345,3.176425081910676,-0.001807470657720465,-0.4465236571144803,1.0730061300443512,-0.1376589835767628
0.33496732026143766,0.576,0.14731369150779905,0.18499999999999994,0.6691577781254767,0.4976398939117039,3.6838395474788346,2.704046230790941,0.004468525986185724,-0.4022860334215156,1.1405040434784075,0.8931403351845227
0.4049019607843134,0.475,-0.009523809523809514,0.2727777777777778,0.5636089572700309,0.48415343896046187,2.8288096187470417,2.5881140086016425,1.347531807783026,-1.685856206846111,0.3017918131002652,1.6436762446973494
0.3895424836601304,0.5476190476190477,-0.00146198830409353,0.2111111111111112,0.40613128688239886,0.4572172982381769,1.553114445678336,2.35656563933574,1.0525599655192337,-0.7629686469816553,0.3449036199807837,1.1164010171282128
0.3906318082788668,0.5476190476190477,-0.023391812865497096,0.2111111111111112,0.5514618836756856,0.6237304674984641,2.730408600284721,3.787945628066587,1.0734799543322688,-0.7629686469816553,0.22763057017626462,1.1164010171282128
0.4313725490196076,0.46153846153846156,-0.1878247958426133,0.19944444444444448,0.9453172357259628,0.7234219549925093,5.920952188217267,4.644913283415996,1.855887535939776,-1.8569337242484745,-0.6516996473631863,1.016646244344862
0.4319172113289757,0.4594594594594595,0.04203323558162268,0.09777777777777787,0.7531690768423992,0.6301204298521664,4.364398308556547,3.8428750026167497,1.866347530346292,-1.8833549624573338,0.5775009005803619,0.1473546529470956
0.4592592592592587,0.4722222222222222,0.07590759075907591,0.0,0.43547967092933804,0.2801834246252649,1.7908598464954117,0.834747604505603,2.391439249553464,-1.7211579167862812,0.7586491323274192,-0.6886853475228886
0.4274509803921565,0.5080645161290323,0.110867178924259,0.0,0.20378833030718738,0.1991804781038575,-0.08602545505847893,0.13843032705510255,1.7805755762128483,-1.265651982074405,0.9456008114236881,-0.6886853475228886
0.3503267973856207,0.6377952755905512,0.21431206196975278,0.2111111111111112,0.13819122939481474,0.1316048152677829,-0.6174144754524888,-0.442463376058438,0.29944036824997916,0.38304636862387526,1.4987879510402948,1.1164010171282128
0.30392156862745096,0.6044776119402985,0.023388116308470278,0.06444444444444448,0.13893704731033796,0.13495955152506448,-0.6113727533945033,-0.41362540265684766,-0.5917511551853053,-0.04037501067966113,0.4777933085287612,-0.1376589835767628
0.27668845315904134,0.6826347305389222,-0.4311088556204008,0.0,0.13238340352916883,0.12827459319628232,-0.6644625134669625,-0.47109062069231084,-1.1147508755111788,0.9528937643104591,-1.952697910212036,-0.6886853475228886
0.3082788671023965,0.5882352941176471,-0.26491646778042965,0.0,0.14308551450582807,0.13128328589816088,-0.5777668487358054,-0.445227305827541,-0.5080711999331655,-0.24679238399092898,-1.063959009373265,-0.6886853475228886
0.2701525054466231,0.7361963190184049,-0.16271916333435868,0.0,0.14247528387509326,0.13369460848087772,-0.5827102052648351,-0.4244991021268452,-1.240270808389387,1.6335874020679482,-0.5174434847901256,-0.6886853475228886
0.30228758169934644,0.6538461538461539,-0.1725955204216074,0.06166666666666672,0.16246540014626304,0.18944418915853412,-0.42077426365837156,0.054735270245196394,-0.6231311384048565,0.5870308100710141,-0.5702587963461795,-0.16141011995375087
0.3093681917211329,0.5675675675675675,-0.24230951254141025,0.0,0.15625268552379645,0.14969506614673841,-0.47110222467040114,-0.2869560176057202,-0.4871512111201303,-0.5094505755966489,-0.9430649009753282,-0.6886853475228886
0.30446623093681907,0.6081081081081081,-0.17200217037438964,0.0,0.157046978670465,0.1474720853275861,-0.4646678144412402,-0.306065198423084,-0.5812911607787893,0.005763569476108641,-0.5670857673306465,-0.6886853475228886
0.33769063180827874,0.5793103448275863,-0.1518833535844472,0.0,0.16412201301546966,0.15096324641447953,-0.40735437348798476,-0.2760544903246531,0.05676849801877533,-0.36021613357557347,-0.45949735517492674,-0.6886853475228886
0.3349673202614379,0.5106382978723404,-0.2220403709765412,0.0,0.16472752307571686,0.1473112267814996,-0.40244925735818354,-0.30744797015764047,0.004468525986189989,-1.2329427793158398,-0.8346726043759614,-0.6886853475228886
0.3349673202614379,0.5357142857142857,-0.22448979591836732,0.0,0.17848276025927065,0.1579055214266763,-0.29102082667158835,-0.21637732741394394,0.004468525986189989,-0.9142616895823864,-0.8477712742896627,-0.6886853475228886
0.33769063180827874,0.54,-0.27222222222222225,0.0,0.3375678375751421,0.4432713255968244,0.9976956290619214,2.2366833126050776,0.05676849801877533,-0.8597961942461229,-1.103027634939009,-0.6886853475228886
0.3022875816993464,0.6687898089171974,-0.16590726346823906,0.0,0.42352109414703304,0.3101684118209639,1.6939858030808344,1.0925044583625096,-0.6231311384048576,0.7769439777060311,-0.5344923318858006,-0.6886853475228886
0.3044662309368191,0.6575342465753424,0.029884032114183702,0.06444444444444448,0.44166596464324837,0.2978855520843411,1.8409737770012091,0.9869185776211068,-0.5812911607787882,0.63390136278399,0.5125311996448694,-0.1376589835767628
0.2941176470588235,0.695364238410596,0.01599349417186234,0.06166666666666672,0.20283075687763008,0.19265707587260752,-0.09378256626629768,0.08235387704376808,-0.7800310545026199,1.1146681863545593,0.43824944953965306,-0.16141011995375087
0.3333333333333332,0.6357615894039735,-0.09785849823800483,0.0,0.19298167738080513,0.1934202484431008,-0.17356799325630942,0.08891425872532004,-0.02691145723336441,0.35720103267143327,-0.1705912796162548,-0.6886853475228886
0.33986928104575154,0.5886075949367089,-0.3488034807831763,0.0,0.1775212530878828,0.20807105154296165,-0.2988098043367466,0.2148554468555863,0.09860847564484573,-0.24206095600192615,-1.512557484307613,-0.6886853475228886
0.31045751633986934,0.5960264900662252,-0.272984441301273,0.0,0.12133309800648288,0.07298314731211981,-0.7539788327109894,-0.9463867761745914,-0.466231222307094,-0.14777706978398403,-1.1071037166134967,-0.6886853475228886
0.33823529411764697,0.6206896551724138,-0.18271827182718267,0.15500000000000003,0.10909367471137031,0.05947562066347234,-0.8531279576649363,-1.062500134823719,0.06722849242529345,0.1656576144986886,-0.6243917387425421,0.6366280623130512
0.3344226579520696,0.576,0.1360634081902246,0.2094444444444445,0.08618669163077,0.07354950080333263,-1.0386928550472598,-0.9415182900514147,-0.005991468420329211,-0.4022860334215156,1.0803414538451588,1.1021503353020194
0.33333333333333326,0.6214285714285714,-0.017721518987341735,0.16444444444444453,0.10457847887824565,0.06554958106065843,-0.8897046578129558,-1.0102871753112768,-0.026911457233363346,0.17504821714287178,0.25795332330715487,0.7173819259948115
0.30501089324618735,0.6233766233766234,-0.19421906693711968,0.0,0.12283724086995836,0.05854592124374752,-0.741794071621889,-1.0704920140897285,-0.57083116637227,0.19980526047753638,-0.685893978030538,-0.6886853475228886
0.30501089324618735,0.6687898089171974,-0.18797360058665363,0.0,0.15207642143254543,0.08146923935041296,-0.5049333064330096,-0.8734386581362307,-0.57083116637227,0.7769439777060311,-0.6524954032120363,-0.6886853475228886
0.30501089324618735,0.6346153846153846,-0.19581464872944696,0.0,0.1621370929930868,0.08315953200185101,-0.4234338143715612,-0.8589085696926839,-0.57083116637227,0.3426343566390647,-0.6944265927112824,-0.6886853475228886
0.3344226579520696,0.5958904109589042,-0.10164512338425377,0.0,0.1540397591613172,0.09060090623735848,-0.4890286994018496,-0.7949410515877781,-0.005991468420329211,-0.14950644684718745,-0.19084082963539437,-0.6886853475228886
0.2745098039215686,0.6792452830188679,-0.20042872454448019,0.0,0.14444570948381003,0.07252494676914474,-0.5667481807330804,-0.9503255582598384,-1.1565908531372482,0.9098185787547196,-0.719101060185617,-0.6886853475228886
0.2734204793028322,0.7025316455696202,-0.13808801213960548,0.0,0.12881455351105098,0.07016069461521403,-0.6933730550714481,-0.9706491352867117,-1.1775108419502833,1.2057560086329095,-0.38572468272142096,-0.6886853475228886
0.2745098039215686,0.6687898089171974,-0.2561297623538287,0.0,0.12126146085392397,0.07872508301343664,-0.7545591509840934,-0.8970279663221606,-1.1565908531372482,0.7769439777060311,-1.0169707746873848,-0.6886853475228886
0.30718954248366015,0.6158940397350994,-0.21984277582000541,0.0,0.13265739951499633,0.07653749955542578,-0.6622429266791978,-0.9158328644535553,-0.5289911887461997,0.10471198144372464,-0.8229206322832993,-0.6886853475228886
0.3050108932461873,0.5652173913043478,-0.13588110403397027,0.0,0.13013178088194985,0.07129086617383265,-0.682702459076769,-0.960933958042618,-0.5708311663722712,-0.5393180622675335,-0.37392290822653235,-0.6886853475228886
0.3071895424836601,0.6241610738255033,-0.18082889557768006,0.0,0.11385493760086221,0.056618298994613826,-0.8145579174117055,-1.0870622344843046,-0.5289911887462008,0.20977453967270349,-0.6142880138182049,-0.6886853475228886
0.32701525054466224,0.6086956521739131,0.17929292929292928,0.0,0.07341399120892834,0.06512455469720273,-1.1421619515552799,-1.0139407856175136,-0.1482473923489658,0.013230441143830173,1.311517848672575,-0.6886853475228886
0.29901960784313714,0.6338028169014085,0.07556859867938373,0.0,0.06925990558676724,0.0683380659939438,-1.1758133699669227,-0.9863168097833528,-0.6858911048439642,0.33230774593067347,0.7568363209693636,-0.6886853475228886
0.3278867102396514,0.635036496350365,0.1490833621584227,0.16444444444444453,0.10021474180758898,0.07870692493452859,-0.9250544207595055,-0.8971840567437066,-0.13151140129853722,0.3479861037945093,1.1499676246286845,0.7173819259948115
0.32679738562091487,0.76,0.15000000000000002,0.11333333333333331,0.24863952705712822,0.14159622315277634,0.2773051368877683,-0.3565752666112408,-0.15243139011157456,1.936099233015372,1.1548694839639935,0.2803610166582284
0.326470588235294,0.723404255319149,0.17274939172749398,0.2016666666666666,0.2600126219400036,0.1385838983000493,0.36943630830542706,-0.3824698041598599,-0.15870738675548393,1.4710179820589149,1.276525293002083,1.0356471534464518
0.326470588235294,0.723404255319149,0.17274939172749398,0.2016666666666666,0.2607612425738574,0.14003938539835664,0.3755007346251472,-0.3699581504832884,-0.15870738675548393,1.4710179820589149,1.276525293002083,1.0356471534464518
0.3393246187363833,0.6326530612244898,-0.16581777023203173,0.0,0.13750776789137675,0.08426187764720945,-0.6229510606633822,-0.8494325894777847,0.0881484812383276,0.3176959430235606,-0.5340137532853415,-0.6886853475228886
0.33986928104575154,0.6041666666666666,-0.1373390557939914,0.0,0.15063771891367952,0.08390337250298736,-0.5165879483532343,-0.8525143702857303,0.09860847564484573,-0.04432669462818773,-0.3817195255176011,-0.6886853475228886
0.3387799564270152,0.6458333333333334,-0.06995884773662549,0.05777777777777785,0.14770965417756504,0.08138263734682794,-0.5403076162978987,-0.8741831060106316,0.07768848683181159,0.4851989544743691,-0.02139368372962692,-0.1946617108815341
0.3333333333333332,0.552,-0.033663366336633666,0.0,0.17754387130933014,0.160045960289622,-0.29862657863971453,-0.19797769350430938,-0.02691145723336441,-0.7072928073045867,0.17270188625462343,-0.6886853475228886
0.3333333333333332,0.5735294117647058,-0.11712931618144891,0.0,0.23536523978235382,0.2293124311376576,0.16977278540787877,0.39745052819330534,-0.02691145723336441,-0.4336837895565377,-0.27364488983221796,-0.6886853475228886
0.3050108932461872,0.6,-0.17525773195876287,0.0,0.24178898227701953,0.23209078974254146,0.22181024108848407,0.4213338458084569,-0.5708311663722733,-0.09727925953844313,-0.5844953747243067,-0.6886853475228886
0.3071895424836601,0.5664335664335665,-0.18751805836463448,0.0,0.18808554169798175,0.16484385448834663,-0.21323061108582603,-0.15673405028611415,-0.5289911887462008,-0.5238621600742078,-0.6500593223605307,-0.6886853475228886
0.30827886710239644,0.5586206896551724,-0.24269377382465063,0.0,0.15157174937546983,0.09392107934890961,-0.5090215540277909,-0.7664001897922301,-0.5080711999331666,-0.6231530076127052,-0.9451197962382255,-0.6886853475228886
0.3681917211328973,0.5413533834586466,0.028931538241191643,0.05777777777777785,0.1532186416479323,0.09367332731331184,-0.4956804084712617,-0.7685299150716022,0.6425281847837493,-0.8425965641399354,0.5074375947647605,-0.1946617108815341
0.3387799564270151,0.5785714285714286,-0.057228915662650544,0.0,0.1573338264737779,0.0892332427837147,-0.4623441176454286,-0.8066977559227013,0.07768848683180946,-0.36960673621975665,0.046681551160617944,-0.6886853475228886
0.335511982570806,0.5827338129496403,-0.050714485850378244,0.0,0.15805995395075453,0.17633127712361835,-0.4564619038996224,-0.05798590348627253,0.01492852039270599,-0.31670859326727124,0.08151844872373085,-0.6886853475228886
0.32570806100217864,0.6486486486486487,-0.05773781353525792,0.06166666666666672,0.19805126189807967,0.19540978521968053,-0.13250030104171273,0.10601670858854229,-0.17335137892460656,0.5209777145488661,0.04396014290709569,-0.16141011995375087
0.32843137254901955,0.6486486486486487,-0.0010346611484738908,0.06166666666666672,0.23124532399649123,0.22129294332145422,0.13639817001931345,0.32851343192051197,-0.12105140689202015,0.5209777145488661,0.34718881650223726,-0.16141011995375087
0.3284313725490195,0.6541353383458647,0.16634504052489382,0.0,0.18612841119274903,0.21526231148603073,-0.2290849346381446,0.27667293325619946,-0.12105140689202122,0.5907059447090887,1.2422770574338868,-0.6886853475228886
0.32952069716775595,0.6141732283464567,0.031402034498009726,0.0,0.18069663114437193,0.16529882963594228,-0.27308670055091866,-0.15282299433461588,-0.10013141807898496,0.0828428510224268,0.5206489467186478,-0.6886853475228886
0.3687363834422656,0.5,-0.10526315789473684,0.14444444444444454,0.12513251859811342,0.08770346908758264,-0.723200484915583,-0.8198479918209046,0.6529881791902695,-1.368140817384577,-0.21018881576060547,0.5463737440804969
0.3224400871459694,0.627906976744186,0.021237303785780266,0.25333333333333335,0.11953306458947824,0.08126348229225708,-0.7685605441103444,-0.875207386320871,-0.23611134536371323,0.2573797798604784,0.46629151363809257,1.4774182900584323
0.32450980392156853,0.6,-0.004329004329004314,0.19944444444444448,0.1331984220185882,0.08086298935070516,-0.6578602113732449,-0.8786501025018914,-0.19636336661894666,-0.09727925953844313,0.3295718186643487,1.016646244344862
